,Accuracy,Precision,Recall,F1,AUC,F1-Score
XGBoost,0.8886705315908421,0.5409836065573771,0.01453104359313078,0.028301886792452834,0.6883572332314815,
Voting Ensemble,0.8760440208312862,0.3428927680798005,0.1210920299427565,,0.6777897250685614,0.17897819720143185
Random Forest,0.8014640856834038,0.2229179711959925,0.313518273888155,0.26056724611161936,0.6722500263170756,
Decision Tree,0.5974255674560283,0.1631979984078244,0.6318802289740203,0.2593998553868402,0.6475853684413715,
Logistic Regression,0.6691068094723396,0.17205406993828976,0.515631880228974,0.2580147625867577,0.6449138961050314,
SVM,0.6623268153679867,0.17444821731748728,0.5429326287978864,0.26405396723417923,0.6437121621269194,
Naive Bayes,0.8502014346074481,0.22720897615708274,0.142668428005284,0.1752772518258047,0.6224026604852768,
KNN,0.87825488847401,0.23529411764705882,0.04051078819903126,0.06912096168294515,0.565530126957761,
